wind_mw,solar_mw,electrolyzer_mw,h2_turbine_mw,storage_mwh_h2,gas_ccs_capacity_mw,annual_gas_generation_mwh,annual_direct_renewable_mwh,annual_h2_turbine_output_mwh,annual_curtailed_surplus_mwh,end_soc_pct,min_soc_pct,capex_total_gbp,opex_lifecycle_undiscounted_gbp,opex_lifecycle_discounted_gbp,objective_total_expenditure_gbp
0.0,0.0,0.0,0.0,0.0,8200.0,71832000.0,0.0,0.0,0.0,0.0,0.0,11368181818.181818,167609667299.768,167609667299.768,178977849117.94983
0.0,40000.0,0.0,0.0,0.0,8200.0,47579154.28000002,24252845.719999947,0.0,22232994.879999947,0.0,0.0,39368181818.181816,127132257101.85733,127132257101.85733,166500438920.03915
10000.0,0.0,0.0,0.0,0.0,8199.93512195122,28241023.90185859,43590976.09814139,0.0,1706186.7762006077,0.0,0.0,36368091873.61419,92194366382.1515,92194366382.1515,128562458255.76569
10000.0,40000.0,0.0,0.0,0.0,8199.93512195122,16589007.114913415,55242992.88508647,0.0,36540010.58925536,0.0,0.0,64368091873.61419,80021285273.9048,80021285273.9048,144389377147.51898
